{
  "orientation": "Vertical",
  "nodeLayouts": {
    "inputs": {
      "x": 322.14403292181066,
      "y": -65.57201646090535,
      "index": -1
    },
    "outputs": {
      "x": 294.70919067215357,
      "y": 779.8737997256516,
      "index": -1
    },
    "modify_query_with_history": {
      "x": 49.037037037037024,
      "y": 49.91495198902609,
      "index": 0
    },
    "embed_the_question": {
      "x": 46.293552812071326,
      "y": 151.68449931412897,
      "index": 1
    },
    "search_question_from_indexed_docs": {
      "x": 43.550068587105486,
      "y": 260.31275720164615,
      "index": 2
    },
    "generate_prompt_context": {
      "x": 47.6652949245543,
      "y": 368.9410150891632,
      "index": 3
    },
    "prompt_variants": {
      "x": 219.2633744855967,
      "y": 490.02469135802465,
      "index": 4
    },
    "chat_with_context": {
      "x": 219.2633744855967,
      "y": 624.6063100137173,
      "index": 5
    }
  },
  "viewport": {
    "transformMatrix": [
      0.8558910449100005,
      0,
      0,
      0.8558910449100005,
      116.49934892082979,
      -617.5149784933203
    ]
  }
}