{
  "nodes": {
    "modify_query_with_history": {
      "variant_0": {
        "inputs": {},
        "inputsValue": {}
      }
    },
    "embed_the_question": {
      "variant_0": {
        "inputs": {},
        "inputsValue": {}
      }
    },
    "search_question_from_indexed_docs": {
      "variant_0": {
        "inputs": {},
        "inputsValue": {}
      }
    },
    "generate_prompt_context": {
      "variant_0": {
        "inputs": {},
        "inputsValue": {}
      }
    },
    "prompt_variants": {
      "variant_0": {
        "inputs": {},
        "inputsValue": {}
      }
    },
    "chat_with_context": {
      "variant_0": {
        "inputs": {},
        "inputsValue": {}
      }
    }
  }
}